{"cameraMode":{"drawMode":0,"name":"Shaded","section":"Shading Mode"},"sceneLighting":true,"audioPlay":false,"sceneViewState":{"m_AlwaysRefresh":false,"showFog":true,"showSkybox":true,"showFlares":true,"showImageEffects":true,"showParticleSystems":true,"showVisualEffectGraphs":true,"m_FxEnabled":true},"in2DMode":false,"pivot":{"x":-8.610759735107422,"y":1.248772382736206,"z":3.9911844730377199},"rotation":{"x":0.17731761932373048,"y":-0.6673288941383362,"z":0.16819290816783906,"w":0.7035242319107056},"size":15.807323455810547,"orthographic":false}